{
  "overall_metrics": {
    "precision": 0.7699071911610184,
    "recall": 0.8484303123495248,
    "f1": 0.8054651404848027,
    "tp": 14337,
    "fp": 3548,
    "fn": 2523
  },
  "map_metrics": {
    "mAP@0.5": 0.8075074765247973,
    "mAP@0.5:0.95": 0.40072194132857375
  },
  "class_metrics": {
    "0": {
      "iou_50": {
        "precision": 0.8259437321937322,
        "recall": 0.8841974837971788,
        "f1": 0.8540784385932609,
        "tp": 9277,
        "fp": 1955,
        "fn": 1215,
        "num_gt": 10492
      }
    },
    "1": {
      "iou_50": {
        "precision": 0.7393846153846154,
        "recall": 0.7281818181818182,
        "f1": 0.7337404580152672,
        "tp": 2403,
        "fp": 847,
        "fn": 897,
        "num_gt": 3300
      }
    },
    "2": {
      "iou_50": {
        "precision": 0.850179211469534,
        "recall": 0.9729286300246104,
        "f1": 0.9074215761285386,
        "tp": 1186,
        "fp": 209,
        "fn": 33,
        "num_gt": 1219
      }
    },
    "3": {
      "iou_50": {
        "precision": 0.7237113402061855,
        "recall": 0.702,
        "f1": 0.7126903553299492,
        "tp": 702,
        "fp": 268,
        "fn": 298,
        "num_gt": 1000
      }
    },
    "4": {
      "iou_50": {
        "precision": 0.8355640535372849,
        "recall": 0.9732739420935412,
        "f1": 0.8991769547325102,
        "tp": 437,
        "fp": 86,
        "fn": 12,
        "num_gt": 449
      }
    },
    "5": {
      "iou_50": {
        "precision": 0.6446601941747573,
        "recall": 0.83,
        "f1": 0.7256830601092896,
        "tp": 332,
        "fp": 183,
        "fn": 68,
        "num_gt": 400
      }
    }
  },
  "ap_per_iou": {
    "0.5": 0.8075074765247973,
    "0.55": 0.7557862333977486,
    "0.6": 0.6810708543627498,
    "0.65": 0.5854896801249688,
    "0.7": 0.47870028737678855,
    "0.75": 0.35634051198766636,
    "0.8": 0.22030744202646477,
    "0.85": 0.09910349066906658,
    "0.9": 0.022057830492934357,
    "0.95": 0.0008556063225513889
  },
  "class_names": [
    "ship",
    "bridge",
    "car",
    "tank",
    "aircraft",
    "harbor"
  ]
}